Age,Early,Not Early,Not Stated,Total,Risk
19 and under,144,164,0,308,0.4675324675324675
20 through 24,806,571,10,1387,0.5811103100216294
25 through 29,2158,917,10,3085,0.6995137763371151
30 through 34,3942,1033,6,4981,0.791407347922104
35 through 39,2172,607,7,2786,0.7796123474515434
40 through 44,450,145,0,595,0.7563025210084033
45 or older,35,12,0,47,0.7446808510638298
Not Stated,0,1,0,1,0
