Birth weight (g),Prenatal Care,Values
<1500,Early,0.7555555555555555
<1500,Not Early,0.24444444444444444
<1500,Not Stated,0
1500-2499,Early,0.6747685185185185
1500-2499,Not Early,0.3194444444444444
1500-2499,Not Stated,0.005787037037037037
>=2500,Early,0.7401976935749588
>=2500,Not Early,0.25749588138385504
>=2500,Not Stated,0.0023064250411861617
Unknown,Early,0.3333333333333333
Unknown,Not Early,0.6666666666666666
Unknown,Not Stated,0
