Marital Status,Early,Not Early,Not Stated,Total,Risk
Married,7522,1917,19,9458,0.7953055614294777
Unmarried,2185,1529,14,3728,0.5861051502145923
Not Stated,0,4,0,4,0
