Race/Ethnicity,Early,Not Early,Not Stated,Total,Risk
White/Non-Hispanic,5349,1118,11,6478,0.8257178141401668
African American/Non-Hispanic,1634,980,6,2620,0.6236641221374046
Other/Non-Hispanic,1254,445,5,1704,0.7359154929577465
Hispanic,1470,907,11,2388,0.6155778894472361
